75cfa8b1,_001_ane
33cad95e,_001_pod042
3dfc8119,_001_op210
afdc3b61,M1090_S0820_H0130_001_a2b
7d4c2e7,_001_a9s
4d53f4ba,M1060_S0920_H0000_001_op60
caa91be2,_001_a9s
b682ede1,_001_op60
318ae9b8,_001_pod153
7a2e0fd5,M3020_S0026_G0010_300_a9s
25e91d94,M1090_S0820_H0150_001_a2b
8ce1207d,M5103_S0010_G0130_300_robomaster
b49115c2,_001_rbot9s
705ba92b,_001_adam
c12d370c,_001_man
64d53bce,_001_a2b
d2c573f4,_001_eve
49646896,_001_op210
fa29c58,_001_vw
9dc19072,_001_op60
ecfda351,_001_pod042
d8372153,_001_cmd
d9d422b6,_001_a9s
6f58c3e1,_001_a2b
3a3797b0,M1070_S0100_S0000_201_a9s
b432977a,_001_adam
e0de5a72,_001_telo
7d0663dd,_001_a2b
58d06cfa,M5103_S0010_G0090_300_robomaster
adca6208,M5020_S0020_G0020_300_n02
623569bb,_001_vw
f15b969b,_001_a2b
5db53d1a,_001_a9s
f50fbde4,_001_a2b
ee1904d5,_001_adam
5a15ab38,_001_a9s
6ac7f12,M5031_S0030_G0190_001_a9s
22b18cb9,M3030_S0160_G0020_300_pascal
e799f9a4,M3030_S0160_G0010_300_pascal
2a458ed7,_001_a2b
76f4c765,_011_pod042
9115ea04,_001_a9s
37347a20,_001_a2b
a6db1ffc,_001_a9s
d71fa986,_001_a9s
2c817a66,_001_a2b
934fdd00,_001_smallrobot
9f86ba1c,_001_op60
6f4a2766,_001_op210
55e5939d,M3060_S0032_G0110_300_ppl
ba4c48ac,_001_a2b
a31f963b,M0010_S0220_G0160_001_a9s
a5e49aa2,_001_eve
97bac3df,_001_pod153
9267327f,_001_a9s
655e10ef,_001_a9s
16e7308e,_001_pod042
1ea570e3,_001_a4b
ece9475a,_001_a9s
9d80ec27,M3060_S0095_G0006_300_ppl
e047735e,M3060_S0032_G0090_300_a9s
5b831c4f,_001_ane
ca4d39c,_001_vw
eed1165e,_001_op60
dc23392c,_001_ane
f57fd7c,_001_op210
fd882363,_001_eve
1e25980d,M3005_S1020_G0010_001_pod042
2466abbc,_001_eve
683f9a41,_001_a9s
509b35c4,_001_a9s
5257a5f3,_001_pod042
c89f7b8e,_001_a2b
b784343b,M5103_S0010_G0000_300_robomaster
b6bdaf9f,_001_op60
f45c7099,_001_pod153
7ef2b269,_001_a2b
c65ad790,_001_a9s
609e23ee,_001_a9s
7ef6efdb,M1040_S0030_G0001_300_a9s
52e4952f,_001_smallrobot
82e58a62,M3060_S0032_G0080_300_pod153
68c5be55,_001_vw
cc22fd54,_001_a9s
458ea516,_001_a9s
2f5fc99e,_001_op60
cb3e79ab,_001_a9s
b88c2818,_001_pod042
9fb394b0,_001_a9s
ee096c8d,_001_op60
4f1ee41e,_001_a2b
3b3b899b,_001_a2b
c221ac77,_001_a9s
527f7770,_001_pod042
39cdccfb,_001_man
477bd31e,M1040_S0030_G0002_300_a9s
44a580b8,_001_a9s
ed204ad1,M1060_S0930_S0080_001_a9s
eb9453cf,_001_man
77bc808f,_011_a2b
75b3a876,_001_op210
42a8b3e9,_001_cmd
3019688d,_001_eve
e208e62f,M3030_S0160_G0050_300_pascal
31ba5291,M1090_S0820_H0080_001_a9s
99043294,_001_pascal
f87c1737,_001_eve
c22b6e91,_001_cmd
96b21f56,M1090_S0800_H0020_001_a2b
de931110,_001_a9s
15389010,_001_pod042
a1a016d0,_001_a9s
3d161665,_001_largerobot
a86b2005,_001_pascal
dc1e5cf4,M1070_S0100_S0050_001_a9s
d6a8d8f4,M3060_S0820_G0050_001_a2
1db47651,M3030_S0160_G0011_300_a2
335211f2,_001_smallrobot
6d00c1ce,_001_a9s
d6fc821f,_001_a2b
534ad723,_001_a2b
4b2996a3,_001_ane
4eef941,M3030_S0130_H0010_001_pascal
2661df8,_001_a9s
a26d6c45,_001_op60
dc23663a,M5110_S0010_G0050_300_sister
faf71c8f,_001_a2b
d899132a,_001_a9s
256b70dc,_001_a9s
a0a42e7d,M1070_S0300_H0020_001_a2b
5bf562ae,_001_a9s
5e9c9df3,M0010_S0220_G0267_101_a9s
7da55941,_001_a9s
26df3b3,_001_a2b
21f7e516,_001_a2b
2545356b,M1060_S0930_S0020_001_a9s
dcd43b7e,M0010_S0220_G0230_001_a9s
23278400,_001_pod042
f06825c6,M5150_S0020_G0110_300_jackas
477c2679,M3030_S0160_G0020_300_pascal
82e5f1de,_001_a2b
93901d14,_001_a9s
1f1dced0,_001_a9s
23b0cf78,_001_a2b
b013a31,_001_a2b
26ae5d31,_001_adam
f405365e,M3030_S0040_G0000_300_a2
ec04c842,_001_cmd
7346f05,_001_eve
f25bb3d7,_001_a2b
a0397973,_001_ane
6ecd0172,_001_ys
db29dce9,_001_smallrobot
c3e8c238,_001_a9s
c895cabf,M5330_S0080_G0130_001_eml
78844e42,M3020_S0026_G0000_300_pod153
6f37c1d5,_001_a9s
b2775624,_001_a9s
17379632,_001_ppl
c8fd70,_001_pod153
729c2ce3,_001_pod153
a752be6f,_001_a9s
7070fcad,_001_a2b
4c0a0758,_001_a2b
6f3118f4,_001_smallrobot
8f5c48d0,_001_a9s
49f0017b,_001_pod153
68e6d702,_001_a9s
7ed7813a,_001_a9s
4a842fe9,M1090_S0820_H0180_001_a9s
a1d7382d,_300_moderator
d25f2515,_001_pod042
bf4c3b30,_001_adam
24fc1295,_001_a9s
87820b96,_001_a9s
471bbf54,_001_op60
a35c0c08,M1090_S0200_H0000_101_a9s
4e31b4b8,_001_smallrobot
959c28db,_001_op60
f1c70f42,_001_eng
ebd5b0c2,_001_a2b
6bdcfa4f,_001_bcast
83ffb119,_001_a9s
f3439b6d,M0010_S0700_G0010_001_a9s
c5d8e731,_001_man
1b033652,M1090_S0800_H0000_001_a9s
1db705f1,_001_a2b
44782ee,_001_a9s
a55ff609,_001_op210
706ce60b,_001_pascal
f6d5a7d4,_001_a9s
82438e26,_001_eve
df52e988,_001_ppl
ac3bf668,_001_pascal
c7fcfd7e,_001_smallrobot
d9fc83dc,M3060_S0095_G0001_300_dbl
7efc0577,_001_a9s
dbd988b,_001_man
a9e3e52a,_001_a1d
9c2ea910,_001_a2b
8ab7290d,_001_pod042
def88811,_001_adam
c95aa966,M1090_S0820_H0120_001_a9s
709bd412,M1090_S0820_H0020_001_a2b
2d6d6c93,_001_a9s
737fc05f,_001_op210
371c7705,_001_pod042
2e63988b,_001_pod042
cf709606,_001_pod042
3b09238d,_001_a2b
b08055e4,_001_op210
9ad287be,M5091_S0040_G0210_001_pod042
99baad1d,M5020_S0020_G0090_300_robogirl
6ae997e2,_001_pod153
5769f508,_001_a12h
d88ff099,_001_pascal
5c56930f,M1040_S0545_S0000_300_a9s
fbbba0a2,_001_smallrobot
f268f368,_001_pascal
55387438,_001_pascal
55caab60,M3020_S0022_S0010_300_a9s
22d2bfd3,_001_cmd
28f54044,_001_prsts
d44e6ee6,M1060_S0930_S0030_001_a9s
5f76cc72,_001_ane
f7c39d92,_001_adam
d60fa7c5,_001_man
ffc51a8,M1060_S0930_S0090_001_a9s
fa97e196,M3030_S0025_G0010_300_a2
8d476a6,M1090_S0820_H0030_001_a9s
1af523db,_001_a9s
dfdb03b3,_001_eve
92bbd7c6,_001_pod042
e36c63e3,_001_op210
131e83a1,_001_a9s
3206713d,M3010_S0080_G0210_001_n02
36164988,_001_a9s
ef3e812a,_001_a2b
9d5506b8,_001_a9s
b073f0e0,_001_pod042
8c408576,_001_pod153
a16f38be,_001_adam
6e64b1d9,_001_prst
e44fd6bc,_001_a9s
5ee07b05,_001_a9s
50bc6eea,_001_a2b
756e017f,_001_pod153
6832834b,_001_a2b
42080936,M5020_S0020_G0030_300_n02
ad4495bc,_001_a9s
9adb9f35,M1070_S0040_G0001_300_pod042
6fa4f128,_001_a2b
bd2553ad,M1040_S0030_G0004_300_a2b
8a3acc7b,_001_a9s
c16a0cfb,_001_pod042
5e3c4853,_001_a2b
5ed760ec,M1090_S0820_H0100_001_a2b
a0cbb4c5,_001_a9s
ce1b9772,_001_adam
d172b350,_001_a9s
602ec910,_001_a9s
a8faeae5,_001_eve
7bcf14f3,_001_op210
671dd780,_001_a2b
a529948f,M5103_S0010_G0100_300_robomaster
b2c60a6b,_001_eve
727c8026,_001_a9s
ccc0833a,_001_pod042
a2d0306,_001_cmd
b8653c9,_001_a2b
1874206e,M0010_S0700_G0020_001_a9s
98b29a0a,M0010_S0794_G0070_001_a9s
422722d8,_001_adam
e8f6043b,_001_eve
99575d44,_001_ane
d2a41df3,_001_pod042
640abbde,_001_pod042
f2756ecf,_001_a2b
f1fbee88,M5330_S0080_G0080_001_eml
de9cf29b,M3005_S1020_G0050_001_pod042
9a7bbd6e,_001_a9s
2ea9a4b,_001_a2b
42e5620a,_001_ane
4fe7742c,_001_a9s
96772eb3,_001_adam
2a49d1c6,M5330_S0080_G0140_001_eml
28f7d851,M3060_S0095_G0002_300_dbl
9f7be077,M3030_S0160_G0030_300_pascal
98d91150,_001_a2b
14ba0c6b,_001_pod042
80f5aaeb,_001_a9s
6b1c375b,_001_adam
eac9c587,_001_pod153
cb71e90b,_001_pod042
d46c0284,_001_op60
e72082f1,_001_adam
69d022a0,_001_a2b
445b7958,_001_a11b
7b162745,M3005_S1020_G0060_001_pod153
cb44a7d7,_001_a9s
b3b90903,_001_a2b
5b4795a5,_001_a9s
1958075e,_001_prsts
bd80e6d,M0010_S0795_S1003_001_a2b
bad531da,M0010_S0140_G0200_001_a9s
83a9fd18,_001_adam
436f8f93,M1090_S0820_H0140_001_a9s
50c5c314,_001_pod153
313662c2,_001_a9s
bd0291be,_001_pod153
285b452c,M1060_S0900_H0010_001_a2b
7e88315f,_001_pod153
156cc516,_001_adam
188991d9,M3000_S0450_G0040_001_cmd
afd2357a,M5140_S0010_G0000_300_tani
ccbaca1c,_001_op210
c6d47c4a,_001_a9s
3223c23b,_001_a2b
f2fe515a,_001_adam
dd1094e,_001_a2
67395fff,_001_a9s
142097b7,_001_pod153
6ed326c2,M5920_S0010_G0290_001_pod042
758f4d3,_001_pod042
e567a89f,_001_adam
efd4b884,_001_pod153
695b1d35,_001_adam
f82938a2,_001_a9s
cdc2bbf8,_001_a2b
98845eb5,_001_a9s
d4e21ad6,_001_adam
74852c90,_001_a2b
a1ae3433,_001_a2b
d36649e8,M1090_S0820_H0085_001_a9s
79707468,M1090_S0800_H0030_001_a2b
50162971,_001_pod153
5e8582c5,_001_a9s
29acb430,_001_pod153
1bacd9fb,_001_adam
4a97add3,_001_a9s
b81e3566,_001_a9s
3ba32fe5,_001_a9s
2ee56a4d,_001_pod042
34209966,_001_a2b
d3d9e45e,_001_cmd
7edc6f71,_001_a2b
f532df7f,_001_eng
e1d52ac8,_001_smallrobot
5ba66c50,_001_smallrobot
3b8c05d8,M1060_S0930_S0040_001_a9s
87c54cef,M3030_S0160_G0050_300_pascal
84e15faf,_001_bcast
c7b76ba5,_001_a9s
69b9c187,M0010_S0794_G0080_001_a9s
ea87bf83,_001_a2b
b36b1877,_001_cmd
9f794238,_001_a9s
f7e67694,_001_pod153
3f69a892,M0010_S0700_G0062_101_a9s
edaf988d,_001_a2b
d24c99cf,_001_ppl
e9fa759b,_001_a2b
7a1c0b7d,_001_a2b
3e082007,M0010_S0220_G0240_001_a9s
2ffe2aed,_001_pascal
c58bbaf8,M5330_S0080_G0150_001_eml
f37f8d5f,_001_bcast
da22063b,_001_adam
522061ba,_001_a2b
942ab18b,_001_a9s
1531e582,_001_pod042
9f445ec0,_001_op210
63cf536e,_001_a2b
e6d52150,_001_a2b
12604a40,_001_prst
65f8a745,_001_a9s
a9b32b21,_001_smallrobot
fab64ab7,M3030_S0160_G0030_300_pascal
e7a81c62,_001_pod153
1a4b9b19,_001_adam
d1a9bfee,_001_prst
a3c86c66,_001_a2b
55175ae4,M0010_S0140_G0210_001_a9s
8fdcdab7,_001_a9s
da42bf6d,M0010_S0950_G0061_101_a9s
2fcccf94,_001_cmd
a5e52c13,_001_a9s
d3ea79bb,_001_a9s
38f317b7,_001_pascal
6b9436d6,_001_pod042
c1c4935a,_001_prsts
34a6f3bd,_001_a9s
7d21370e,_001_a2b
684060a8,_001_a9s
131653b1,_001_pod153
1e3985b6,M5330_S0080_G0090_001_eml
c19bd93b,_001_ppl
147996d8,_001_a9s
1ff1aec0,M1070_S0300_H0010_001_adam
af0af566,_001_pod153
483db01f,_001_adam
eeda2b60,_001_pod042
f4c15d6c,M1090_S0800_H0010_001_a9s
e76e8135,_001_smallrobot
4b0ec270,_001_ane
7348d5ab,_001_eve
dbc544d9,_001_adam
c2e00aac,M5660_S0060_G0004_001_pod042
1d7ff514,M3030_S0160_G0012_300_pascal
9bac6f11,M1090_S0800_H0040_001_a2b
d58bdea2,_001_pod153
c626dcca,_001_n02
835a81e9,_001_a1d
f5626770,_001_eve
7e20658,M0010_S0794_G1050_001_a9s
eaf2ce58,M5150_S0020_G0080_300_jackas
53c910ab,M1090_S0820_H0050_001_a2b
de7f7100,M1070_S0300_H0000_001_adam
de2adb86,_001_a2b
406008b6,_001_adam
4384a72c,_001_a9s
11f19aa6,_001_pascal
4332f3b7,_001_pod042
c5ff2e40,_001_pod042
1e05647c,_001_eng
4263490e,_001_a2b
a7cd23d4,M3040_S0060_G0001_300_a9s
7e84129d,_001_a2b
f2ad5758,_001_a9s
ac9c3671,_001_pod042
3137a4f4,_001_adam
a62e540a,M1070_S0120_G0000_300_pod042
9e8e6d53,_001_a9s
b2f8a8b8,_001_pod042
47734dc7,_001_smallrobot
2704fc48,_001_man
9691e5f5,M1070_S0166_G0050_001_a2b
e03e3a96,M1060_S0930_S0100_001_a9s
95de6043,_001_a2b
e7161d98,M1090_S0820_H0040_001_a9s
55ab8cc7,_001_pod153
9fda78a4,_001_a2b
60c84a76,_001_smallrobot
f1c298d8,_001_a9s
af8ed948,_001_a9s
d1002cb3,M1070_S0100_S0030_001_a9s
da66c12d,_001_a9s
bea77944,_001_a2b
88aeadbd,_001_pascal
391c75ad,_001_prst
c24f60f8,_001_eve
4093a29,_001_a2b
7662bdbb,_001_a9s
a1906e49,_001_a9s
4fdc469e,_001_ane
f56399c1,_001_prsts
f786dbf,_001_a9s
57bf071e,_001_a2b
bc3c607c,_001_a9s
bab0dd26,_001_largerobot
5e73f3b7,_001_a2b
89a6f2f8,M0010_S0220_G0050_001_a9s
a3a76e52,_001_a9s
4f988ec5,_001_a9s
fe02ccb2,_001_a2b
6b6a5eab,_001_prst
dc6cc317,_001_a9s
878787e0,M1010_S0030_G0010_001_a9s
5c6583e8,_001_a2b
13c06db9,_001_smallrobot
af3713de,_001_a2b
e1ea97d1,_001_pod042
a4eec810,M3060_S0095_G0003_300_ppl
585ca374,_001_cmd
5214cdb6,M0010_S0220_G0190_001_a9s
473881db,_001_eve
70bb2906,_001_a9s
7ba0972e,_001_adam
a7a9dc35,M1090_S0205_H0010_001_a9s
9c2cc16d,_001_a2b
fbbbfde6,_001_a9s
d1ca4b39,M0010_S0220_G0250_001_a9s
4b12a411,_001_a9s
b466c53c,_300_pascal
5cb3b021,_001_a2b
74c9b568,M5020_S0020_G0070_300_robogirl
e11ab805,_001_cmd
a2a1f42,_001_eve
3564c173,_001_pascal
c0dccbbf,_001_a2b
ec1f65a0,M5920_S0110_G0070_001_a2b
c089dafd,M3060_S0020_G0001_300_pod153
65459c57,_001_pascal
a4cca94e,_001_ane
cab49b35,_001_pod153
cc601a82,M5330_S0080_G0110_001_eml
df999a53,_001_pod153
37d5e521,_001_cmd
722e5ce8,M1060_S0920_H0010_001_cmd
c1425247,M5090_S0020_G0000_300_n02
5c8f17aa,_001_smallrobot
ecd5bd5b,M0010_S0794_G1060_001_a9s
58f663ff,_001_pod153
82423897,_001_a9s
ba2e48ee,_001_adam
26b5ea17,_001_pod153
6842e3da,_001_pod042
ac6d2a68,M3005_S1020_G0000_001_pod153
b5e0dbef,M1090_S0820_H0090_001_a2b
e816636e,_001_a9s
e92a86a2,_001_largerobot
c05ca8b3,M1070_S0020_G0420_001_sele
2f24a3ab,_001_pod042
d499fd21,_001_pod153
ec5e2ebb,_001_adam
da01d9c1,_001_a9s
7770f134,M0010_S0794_G0060_001_a9s
a9372f5a,_001_a2b
405a363d,_001_smallrobot
6fcb8bd4,_001_a2b
2df77d59,M1090_S0260_G0020_001_eve
29161774,_001_a9s
6d3e9bb4,_001_a2b
88effd8,_001_pascal
a680fec0,M3005_S1020_G0070_001_pod153
b252d3,_001_a9s
8cfe7bd0,_001_pascal
2bf37b3b,_001_prsts
b098195,M1060_S0930_S0110_001_a9s
b850d59b,_001_a2b
8c69546e,M1040_S0545_S0010_300_a9s
6fa66409,M1040_S0550_G0000_300_pod042
97f5c790,_001_pod042
a4fd956d,_001_a1d
f3f5380,M0010_S0794_G0090_001_a2b
9a22a16d,_001_largerobot
746e042f,M1090_S0820_H0000_001_a2b
334cf2e5,_001_pod042
2d1167c9,_001_n02
17eb539c,_001_a9s
1bdfc7df,_001_vw
d5425e6c,_001_smallrobot
4789dd94,_001_a9s
ef335d6a,_001_a2b
38bada54,_001_a9s
bcebe55b,_001_a9s
aed61c21,_001_a2b
ee421054,_001_cmd
7c1d6be1,_001_smallrobot
a73dbc5b,_001_a2b
7ac1f9a7,_001_pod042
e951a6fb,_001_a9s
75745a31,_001_op60
af30bf86,_001_a9s
842b8187,_001_pascal
23ae2ead,_001_a2b
4fb8ca0,_001_op60
6d6f3228,_300_villager
c0f4180c,M3020_S0110_G0190_001_core
15a14ccb,_001_pascal
9f78edf9,_001_robo
c586f69e,M5110_S0010_G0030_300_youngsister
30532380,_001_a9s
b92979d7,_001_a9s
375f1c02,_001_pod153
c49f1052,M5103_S0010_G0060_300_robomaster
316b7ad4,_001_pod042
3c1b8f60,_001_cmd
1ed48414,_001_pod153
e557fe06,_001_a2b
2d18e3f0,_001_op60
e0368132,_001_a2b
f43a6db5,_001_pod153
b36c79fd,_001_pod042
c16cd401,_001_a2b
f154c2e,_001_smallrobot
b8c075be,_001_pod042
ffd494f2,_001_eve
14727893,_001_a2b
bf0acd5d,_001_a2b
2868804c,_001_pod153
6fb7ee31,_001_pascal
1d846a2e,_001_largerobot
28df793b,_001_a9s
ece2dc01,_001_pod153
f133832e,_001_pod153
4610b237,_001_ane
ff27553c,M3030_S0160_G0013_300_pascal
76c0b52,_001_a9s
84007ad6,_001_a9s
90f24791,M1060_S0920_H0020_001_cmd
f9e8de5a,M5900_S0120_G0260_001_eml
a700c157,M3030_S0160_G0000_300_pascal
c39938b8,_001_a2b
4c65056c,_001_a9s
4cc3413d,_001_vw
95727e5e,_001_a2
276b9903,M5090_S0020_G0130_300_n02
23657575,M0010_S0140_G0200_001_a9s
93155d6d,_001_adam
ce3b7795,M0010_S0700_G0033_101_a9s
a7dc235a,_001_cmd
4c227ade,M5110_S0030_G0000_001_a9s
f226e879,_001_pod042
194b54ec,_001_pod153
d587636d,_001_a9s
ac0f3ad8,_001_eve
b1b38562,_001_pod042
ba49a13b,_001_a9s
e5148ad5,M5110_S0010_G0020_300_youngsister
486bb70b,M1090_S0205_H0020_001_a9s
4dea7007,_001_pod153
446af85e,M3030_S0025_G0000_300_pod042
2f87b34d,_001_op60
f2e7628d,_001_pod042
23f12c75,_001_man
5bb8557e,_001_vw
6f9549db,_001_pod042
88b3876d,_001_smallrobot
43e17a48,M5920_S0010_G0180_001_pod042
abbdb4ca,M5110_S0010_G0040_300_sister
615250e0,_001_a2b
a7bd2b0e,_001_pod042
d5f5fc8e,M1070_S0100_S0010_001_a9s
b665d54c,_001_op60
f9d19476,M1070_S0020_G0410_001_sele
e565ce32,_001_pascal
1e99fda5,_001_a2b
d65e5a18,_001_pod042
c2d30cf7,_001_n02
6d435518,_001_pascal
317d665,M0010_S0794_G1070_001_a9s
f1cd8902,M3020_S0110_G0000_300_op210
539bf282,_001_a9s
b8dbd82,_001_a9s
35e9ba0f,_001_smallrobot
b122103b,_001_a9s
47717711,_001_a9s
f4def260,M3030_S0160_G0031_300_a9s
838b9921,_001_pod042
4d82c97a,_001_dbl
b8158317,_001_a2b
36268f8a,_001_pod042
79b61531,_001_ys
63a7824c,_001_pod153
9f82e625,_001_ys
ad4c3baa,_001_pod042
479a5fae,M1090_S0820_H0160_001_a9s
cfb7bb74,_001_op60
69feffb8,_001_a2b
8feca22e,_001_a9s
93a9f445,_001_pod042
4bfc0fc6,_001_a9s
3e221869,_001_ys
9c5809e4,_001_a2b
92eecf65,_001_pod042
204176f5,M5020_S0020_G0080_300_robogirl
2c02bdee,M1090_S0820_H0190_001_a2b
a5e51fbb,_011_a2b
5c4f4fb2,_001_op60
e4cbeaab,M1060_S0930_S0120_001_a9s
2252fb1a,_001_vw
2711f3fb,M1070_S0040_G0000_300_pod042
33e15212,_001_ane
66dc61af,_001_a9s
9ea42a32,_001_pod042
cf5110bf,_001_eve
9c718e88,_001_a9s
799b5cd7,_001_a2b
5168a255,_001_pascal
bf595efa,_001_a9s
e9b9cf2a,_001_adam
b2607593,_001_a2b
5ec07757,_001_adam
185afd76,_001_a9s
b24f714c,_001_smallrobot
c0a25844,_001_yall
4951637e,_001_a2b
404cb276,_001_a9s
ce998d63,_001_pod042
977aba22,_001_a2b
b485fe9b,_001_a9s
d2c124f9,_001_op210
32d8fadd,_001_pod042
cca71e4b,M0010_S0140_G0210_001_a9s
a4ba9bb4,_300_pod042
30a2b1e,M3005_S1020_G0040_001_pod042
c5ad29b3,_001_op60
8fc17c76,_001_pod042
9aeafffc,M3030_S0160_G0013_300_pascal
d61d2d1a,M3020_S0022_S0000_300_pod153
7c2408cb,_001_ane
d6e07af2,_001_prst
2f97db15,_001_adam
34e51a0f,_001_pod153
ff3e07ae,_001_a9s
c342bb98,_001_a9s
8cdaa4e7,_001_vw
78be57f,_001_a2b
2de3c749,_001_a9s
67044198,_001_pod042
d46a515e,_001_pod042
6845ecde,M1010_S0030_G0020_001_a9s
77744cc5,M5330_S0080_G0100_001_a9s
68d24a93,_001_pascal
e2f67ee2,_001_op210
7494f9ee,M3005_S1020_G0040_001_pod042
c4cededb,_001_prsts
b3f38c6c,_001_pod153
ab0a66b,_001_a9s
646a4562,_001_eve
a4d0cf2f,_001_pod153
1790c21a,_001_a9s
327a58b6,M5920_S0010_G0280_001_pod042
3ec2478d,M1070_S0100_S0020_001_a9s
750b215b,_001_a9s
728dea3,M5920_S0110_G0080_001_a2b
3f47692e,M3040_S0060_G0000_300_pod153
ef92a628,_001_a2b
439d5ae8,M3020_S0100_H0000_001_sku
d8178e1f,_001_cmd
f4e59cd7,_001_a2b
4f021cf3,_001_prst
efb51bbe,_001_pod042
6c2b66ac,_001_dbl
702383b2,M3030_S0160_G0031_300_a2
2b391fa9,_001_cmd
69758394,_001_a9s
364d4252,_001_adam
cda68ac5,_001_pascal
6cb5b095,_001_a9s
1b51d47b,_001_a2b
8560ba7a,_001_pod153
2c4bf6e5,M1070_S0200_G0010_001_adam
82fcf08a,_001_a2b
2c2aa906,_001_a9s
b8ac4981,_001_a9s
48e59cee,_001_pod042
c51c603,_001_op210
25051c14,M3030_S0160_G0011_300_a9s
5a53956a,M3030_S0160_G0040_300_pascal
5792bea5,_001_a2b
4fca2e6e,_001_a1d
d3b71fb,M5150_S0020_G0030_300_jackas
3851f2eb,M1090_S0820_H0110_001_a9s
9f59bf2c,M1090_S0820_H0010_001_a2b
e35c6013,_001_cmd
388d5ebf,_001_adam
a84bb6aa,_001_a9s
83d16c01,_001_a9s
4d198c70,_001_op60
45e1a722,_001_a2b
9816c86a,_001_pascal
d334abc1,_001_a2b
42c236d9,_001_ane
df172265,_001_a2b
ee16e419,_001_op210
91af34a2,_001_pod042
8d2f5346,_001_ane
44070485,_001_a9s
131b143b,_001_eng
95543a50,_001_adam
45365d7f,M0010_S0220_G0130_001_a9s
8e69abec,_001_a9s
521ec2d4,_001_a9s
f6a58da1,_001_a9s
1917ccea,_001_a9s
42acb35b,_001_a2b
afd71bab,_001_pod042
90a51729,M3060_S0806_H0070_001_a9s
c88f5b5,M3005_S1020_G0060_001_pod153
6de52965,_001_pod042
af0e84a7,_001_pascal
309082b6,_001_ppl
281c456c,_001_a2b
b4d92170,_001_pod042
fc9fc90,_001_pod042
926435c8,_001_a2b
47862a55,M5110_S0010_G0060_300_sister
3a3ec5e7,_001_pod153
8ba82e5c,_001_eve
59bd5802,_001_pascal
6acce96,_001_adam
48843fd4,_001_pod153
f7be8cbb,M5140_S0010_G0020_300_tani
9dc06525,_001_a2b
ea1fcbe0,M5031_S0030_G0200_001_a2b
99c8bfdc,_001_a2b
d1fe053,_001_pascal
ba52a979,_001_a2b
fcea14,_001_a2b
3e55b0b1,_001_prst
81255222,M0010_S0220_G0268_101_a9s
9466a6fa,_001_smallrobot
84b882bf,M0010_S0220_G0030_001_a9s
5aa059b3,_001_dbl
a329f367,_001_cmd
86956094,_001_op60
536d83f0,_001_a2b
aeb91e15,_001_a9s
18ae0673,_001_a2b
664dc1d,_001_op60
f6b8fd6b,M5103_S0010_G0080_300_robomaster
2e8be235,M1090_S0205_H0030_001_eve
ece3b353,_001_a9s
32112da,_001_a9s
799a5ff4,_001_a9s
7353e1ad,_001_pod042
65b024,_001_adam
1de48347,_001_pod042
9dbeeb18,_001_a9s
a4295f1d,_001_a2b
e4c7a6d0,_001_ppl
7a9618d2,M3030_S0160_G0010_300_pascal
211ccda9,M1090_S0820_H0170_001_a2b
e572cd55,_001_a9s
af4d8077,_001_pod153
24086733,_001_a9s
a56e1e01,M6100_S0010_G0010_300_sp
cc33474b,_001_man
176ea532,_001_prst
faa83b17,M0010_S0700_G0050_001_a9s
617f1d2,M1060_S0930_S0050_001_a9s
24e9775f,_001_adam
eca2ce9b,_001_pascal
7a70ec4a,_001_dbl
81defb00,_001_largerobot
3320351c,_001_cmd
1f4413c0,_001_bcast
e91e01b3,_001_a9s
12573b9e,_001_cmd
3efaba66,_001_op210
f21c8de8,M0010_S0794_G1080_001_a9s
8612499e,_001_a2b
c2afcd1a,_001_a9s
ebc68d57,_001_a2b
8b197213,_001_a9s
a5ad6c68,_001_a9s
759811a6,_001_a2b
24ce5e5a,_001_pascal
c7992e12,M1060_S0900_H0000_001_a9s
219f0a21,_001_a2b
2378a122,_001_op210
75fdf980,_001_pascal
4e112af,_001_op210
6020ebf3,_001_a2b
70737c7c,_001_pod153
c9b8fae9,_001_largerobot
8a8ca817,_001_a9s
99753c1a,M3060_S0095_G0004_300_ppl
fa2d356f,_001_a2b
89c5062f,_001_prst
14e91643,_001_smallrobot
771b7a6e,_001_a2b
be315bc9,_001_pod153
3dd0e9e,M5920_S0110_G0060_001_a2b
81772429,M1040_S0550_G0010_300_a9s
79f3b3e0,_001_a2b
3c4f0a69,_001_a9s
891e0a91,_001_a9s
437c0da9,_001_a9s
254d8ecf,_001_a2b
20937b81,_001_eve
feb5b7a,_001_pascal
6c66d1fd,_001_adam
feb15d85,_001_pod042
f50261a4,_001_a2b
4da24908,M5150_S0020_G0120_300_jackas
eab7c069,_001_cmd
eda476c6,_001_a9s
b3c96d54,_001_ane
abc56fbb,_001_a9s
91f8fc92,_001_op210
f584b7fc,_001_adam
9c179a7,_001_a2b
c8d72d69,_001_a9s
431aa29e,_001_op60
2790a548,M0010_S0200_H0000_001_a9s
a7ea4606,M0010_S0220_G0140_001_a9s
61abc0d2,_001_a9s
c9977ffb,_001_smallrobot
ad6ed865,_001_a2b
76013aa9,_001_a9s
b57ed85c,M5660_S0060_G0002_001_pod042
44fddf0c,_001_pod153
cf3fdc30,_001_a9s
a5db0fd,_001_op210
feffb181,_001_a2b
10fc6c90,_001_a9s
3c6a37c,_001_cmd
4a5f288a,_001_pod153
c599043c,_001_a2b
26f500fb,_001_a2b
119f8014,M0010_S0700_G0060_001_a9s
3b2098a5,M3060_S0032_G0050_300_dbl
e06a589c,_001_op210
ef6183f2,_001_man
9412909d,M0010_S0110_G0010_001_robo
e09a622,_001_a9s
465d63d4,_001_cmd
90231fa6,_001_a2b
8c12cbd5,_011_pod042
d9826eb7,_001_adam
9ac94a65,_001_a9s
a8bb8fb5,M5110_S0010_G0000_300_sister
5957ce90,_001_a2b
77bcb327,_001_a9s
aa92e89b,_001_adam
fb44ab11,_001_adam
6907cc47,_001_rbot9s
53298e65,_001_a9s
8172303,_001_pod042
85397b79,_001_pascal
a902206b,M3005_S1020_G0050_001_pod042
f3ac93c,_001_largerobot
f0b97b34,_001_adam
6e49457,M0010_S0700_G0061_101_a9s
2875009b,_001_a9s
a821fb26,_001_smallrobot
89e24090,_001_a2b
138504b4,M5652_S0020_G0080_001_resiman
a1cdcaf5,_001_a9s
c9e504d0,_001_cmd
38ddc2b8,_001_a9s
f3f5410e,_001_pod042
2502352b,_001_a2b
21b0e556,M1060_S0930_S0000_201_a9s
2eef5c32,_001_man
e9d59aec,M1060_S0930_S0060_001_a9s
8fe280cd,_001_a2b
72bafac8,_001_pod042
6381ea5,_001_a2b
f373b3c8,_001_pod042
3a0f2021,M3030_S0160_G0000_300_pascal
1203be97,_001_a9s
65a780dd,_001_a2b
1a6c2d98,_001_a2b
d723fb2c,_001_pod153
69a03d90,_001_pod042
8c0d3850,_001_a2b
38de20b7,_001_a2b
acbe6697,_001_a9s
c71d1205,_001_a9s
7a4fdbbe,_001_pod042
fef89f79,_001_pod042
9dcc08fb,_001_a2b
9db4310e,_001_a2b
3dd37a30,_001_a9s
c9b181d9,_001_a9s
c6b8bd99,M3030_S0040_G0010_300_pod042
426a24a8,_001_pod042
5c0b066a,_001_ane
52c337eb,_001_a2b
601eb189,_001_a9s
4a6f0756,_001_a9s
c716fc4e,_001_a2b
1a5e3c21,_001_prsts
bec6cd44,M5103_S0010_G0030_300_robomaster
b717080d,M3060_S0020_G0000_300_pod153
96168c0d,_001_a2b
6f6e713d,_001_pod042
6170cc6c,_001_prst
ef2060ff,_001_a2b
9573456b,_001_pod042
8377dbab,_001_a9s
d1c71f86,_001_op210
ef9dc93d,_001_pod042
380310c2,_001_a2b
f950ff77,_001_a2b
5f7353e7,M3060_S0032_G0070_300_pod153
e54d1d1b,_001_ane
fad58003,_001_prst
f22077e9,_001_a9s
76bb85c5,_001_pod042
dd0953e1,M3060_S0032_G0100_300_dbl
646a2cdb,_001_a9s
934de82b,_001_a2b
97a559a8,_001_pascal
a36aee4,M3060_S1100_H0080_001_a2
d198200c,_001_eve
c6fe11e0,_001_cmd
78c43a66,_021_op210
13c2460f,_001_ppl
d279f33e,_001_pod153
f97df35e,_001_eve
b695a5ae,_001_a2b
760ad4e2,_001_a2b
361753ca,_001_a2b
d3b63e70,_001_pod042
c253d15e,M3000_S0430_G0040_001_a2b
7ad838ec,M5532_S0030_G0070_001_resiitem
d11e2c30,M3005_S1020_G0070_001_pod153
b203905e,_001_pod042
8fe9aef5,_001_pod042
c852ce76,M0010_S0200_H0010_001_a9s
9512e651,_001_pod153
b87c42ca,_001_dbl
275bfe90,_001_a2b
4ceb9859,_001_cmd
5d046155,_001_eve
949a1fef,_001_a2b
1a7747c0,_001_pod042
5c606a7f,_001_a9s
376417dd,M5150_S0020_G0090_300_jackas
80701462,M3030_S0160_G0012_300_pascal
89b36fdf,_001_adam
e8a0ccb8,_001_ppl
20fdb70e,_001_a9s
b62ea995,_001_cmd
c8c69776,_001_man
fe5deb2a,M0010_S0700_G0070_001_a9s
2e221ef,M1060_S0930_S0070_001_a9s
db2ed38e,_001_eve
4a0cf381,_001_prst
536d513d,_001_pod153
1e00f3e6,_001_a9s
72020e1b,_001_a2b
6fe4216f,M5652_S0020_G0070_001_resiman
996b0689,_001_pod153
33dc37ca,M1070_S0100_S0040_001_a9s
97c9f10f,_001_pod153
4787ff77,_001_a2b
df704999,M5103_S0010_G0070_300_robomaster
37500d13,M4020_S0000_G0280_300_pod153
354f82ac,M1090_S0820_H0060_001_a9s
b5b239c6,_001_a9s
dce25e22,_001_cmd
aec4f8a6,_001_op210
53fe0b42,_001_a9s
7dd7467c,_001_a9s
c6a5a344,M1070_S0120_G0010_300_a2b
fd9550a0,_001_cmd
faaeae28,_001_adam
5ac9986e,_001_a2b
d2095222,_001_a2b
f5ddabe5,_001_pascal
32426101,_001_pod153
29987619,_001_a9s
256ada1c,_001_a2b
5e54a764,_001_a2b
9a0dc38f,_001_ane
26276fee,_001_cmd
ca875e55,M1060_S0930_S0010_001_a9s
8fd734fc,_001_a2b
219ea0e1,_001_a9s
add5c482,_001_a9s
13a79b9c,M5150_S0010_G0000_300_jackas
9c474a37,M0010_S0794_G0050_001_a9s
61714fc,M3020_S0100_H0000_001_sku
ed8d33b,_001_cmd
1b8ce40e,_001_a2b
583c74d7,_001_a2b
558e2392,_001_a2b
b6e16d27,_001_a2b
7950897c,_001_a9s
d94063d6,M0010_S0700_G0032_101_a9s
860920b7,_001_a2b
4fc94eeb,_001_op60
d821eb43,M0010_S0220_G0210_001_a9s
8586e60f,M1020_S0040_G0200_001_pod042
2dcae68d,M4020_S0000_G0290_300_pod153
5acb904b,_001_pod042
180cb177,_001_adam
8debdaac,_001_a9s
af2c234d,_001_pod042
e5f4c5da,M3060_S1100_H0090_001_a2
3e5a4b32,_001_eve
61d43a3b,_001_a9s
1532b434,_001_pod153
f95887df,_001_pascal
9631d8de,_001_a2b
fac565c1,M5330_S0080_G0120_001_a2b
ec989faf,_001_ys
16bf9860,_001_eve
adfa3f8e,_001_pascal
ade5a5f9,_001_pod153
a555c6ed,_001_a9s
4d83e790,_001_a2b
4637e6e4,_001_ane
156c2c5b,M3060_S0095_G0005_300_dbl
5bad06f9,_001_eve
8ba998ed,_001_a9s
af73b6c,_001_adam
4df8edba,M3060_S0095_G0000_300_pod042
35c3b2ff,_001_a9s
491974c2,_001_a9s
9fdb564e,_001_dbl
41c38d42,M0010_S0220_G0110_001_a9s
5721f088,_001_pod042
c5b373e6,_001_pod042
b73988e4,M3060_S0032_G0060_300_ppl
56eb12e9,_001_a9s
5c875d39,_001_adam
9ffd2c77,_001_a2b
3a352226,_001_a9s
6ec6d5ae,_001_prsts
8a9c7bd1,_001_a9s
b22137b4,_001_pascal
94dd21d0,_001_a9s
83c25bdd,_001_pod042
47445e3b,M5091_S0040_G0200_001_pod042
3f9e3faa,M3030_S0160_G0040_300_pascal
4f409f77,M3030_S0040_G0020_300_a2
695391ef,_001_pod153
c0d58684,_001_smallrobot
86b65e1b,_001_eve
d518265d,_001_pascal
34925fb1,_001_a2b
b77f4e67,_001_pod153
c9376bc5,_001_a2b
c5da9e0f,M1090_S0205_H0000_001_a2b
e579231e,_001_a2b
64b9dcf9,_001_dbl
de7839af,M1090_S0820_H0070_001_a9s
a4813822,_001_pod153
f665a2be,_001_prsts
134bac34,_001_eve
3099765f,_001_pod153
d7cb6978,_001_op210
5000c75d,M1040_S0030_G0003_300_a9s
